Caller;Callee;NumberOfCallsLastYear
Delete_CAFOR;Complete_SACOZ;131533
Delete_CAFOR;Round_XATEG;4966
Delete_CAFOR;Stop_VUDAV;77163
Delete_CAFOR;Select_BOKEG;47026
Delete_CAFOR;Complete_FENEM;328
Delete_CAFOR;Send_HORAQ;1
Delete_CAFOR;Receive_NIXEV;28605
Delete_CAFOR;Delete_QODEN;14321
Delete_CAFOR;Touch_GOCAL;10148
Delete_CAFOR;IsExistent_SIPAZ;38790
Delete_CAFOR;Generate_TAPAT;24851
Delete_CAFOR;Reject_BEKAZ;7534
Delete_CAFOR;SetStatus_DIFOX;38
Delete_CAFOR;Collect_MONOM;1538
Delete_CAFOR;Trigger_PAREQ;2386
Delete_CAFOR;Renew_PUTOZ;260
Start_XUTES;Renew_PUTOZ;201
Generate_HAGEK;Renew_PUTOZ;2
Delete_CAFOR;Delete_QAVAB;127
Start_XUTES;Delete_QAVAB;16920
Generate_HAGEK;Delete_QAVAB;3
Generate_HAGEK;Collect_REXEG;4657
Generate_HAGEK;Receive_SIZOK;2880
Generate_HAGEK;Trigger_TOBAL;11150
Delete_CAFOR;Trigger_TOBAL;144
Start_XUTES;Trigger_TOBAL;316
Generate_HAGEK;Touch_VUCEM;142441
Delete_CAFOR;IsExistent_HOPEB;525
Delete_KULOB;Touch_BILAG;5646
Send_GIHAX;Generate_COMEK;46338
Migrate_QUHAT;Generate_COMEK;502
Start_XUTES;Generate_COMEK;732
Convert_LECAG;Generate_COMEK;9706
Send_GIHAX;Migrate_GEREN;118
Receive_WIGOT;Freeze_HISOQ;431
Trigger_SAZEB;Start_KOTAR;1075
Migrate_QUHAT;Initialize_LUVES;3604
Migrate_QUHAT;Stop_MAXOT;127778
Report_XEZAN;IsExistent_NEZAV;17
Report_XEZAN;Assign_PIBEX;50768
Delete_KULOB;Complete_VIHAL;2973
Convert_RATOQ;Complete_VIHAL;1433
Initialize_XACEX;Complete_VIHAL;24
Trigger_SAZEB;Complete_VIHAL;158
Transform_KUVAT;Send_XULON;172
Generate_NUFOT;Delete_BENER;146243
Send_GIHAX;Collect_CIPOS;142
Delete_KULOB;Collect_CIPOS;101
Delete_KULOB;Receive_DORAT;17
Start_WUBAV;Receive_DORAT;112
Initialize_XACEX;Receive_DORAT;121359
SetStatus_CUDAS;Trigger_FUSEV;22150
Round_QEHEX;Migrate_MUBAK;14
Start_TUMEG;Migrate_MUBAK;43327
IsExistent_CIZEX;Start_PEDOM;24
Select_GADEG;Start_PEDOM;6
Touch_PORAM;Initialize_QIFAN;16
Select_GADEG;Initialize_QIFAN;32150
Start_XUTES;Initialize_QIFAN;13789
Send_GIHAX;Initialize_QIFAN;14964
IsExistent_CIZEX;Initialize_QIFAN;83
Send_GIHAX;Stop_ROGEQ;12093
Send_GIHAX;Assign_TAKAS;6371
Touch_PORAM;Assign_TAKAS;111
Migrate_QUHAT;Assign_TAKAS;21648
Start_XUTES;Assign_TAKAS;276
Stop_ZEDOZ;Report_VELET;8701
Send_GESEG;Report_VELET;681
Stop_ZANAK;Report_VELET;16
Trigger_SAZEB;Report_VELET;147
Generate_QUSEN;Report_VELET;95182
Trigger_NIPOL;Report_VELET;2
Delete_KULOB;Report_VELET;19083
Initialize_XACEX;Report_VELET;1
Collect_QOVOX;Report_VELET;660
Collect_QOVOX;Reject_XONAX;62
Start_XUTES;Transform_CESAG;28176
Delete_KULOB;Trigger_LICAR;24839
Reject_MEMOT;Trigger_LICAR;138336
Generate_NUFOT;Touch_MODES;32256
Reject_WAMES;Reject_DEXOS;18138
Freeze_SOLAB;Reject_DEXOS;146129
Round_QEHEX;SetStatus_FIZAT;77
Start_TUMEG;SetStatus_FIZAT;7
Freeze_SOLAB;Complete_GOBEV;2
Reject_WAMES;Complete_GOBEV;1555
Reject_WAMES;Transform_HUCOX;124
Freeze_SOLAB;Send_KADAZ;15
Start_TUMEG;Renew_LEFEB;750
Migrate_WUDOZ;Delete_MIGOG;6
Start_TUMEG;Collect_NOHAK;376
Migrate_QUHAT;Collect_NOHAK;3
Migrate_RIKOZ;Collect_NOHAK;15250
Start_TUMEG;IsExistent_KOKOX;3
Migrate_RIKOZ;IsExistent_KOKOX;2056
Assign_FAMON;Report_MAMEB;1
Touch_WOGAN;Report_MAMEB;679
IsExistent_KITAG;Report_MAMEB;94353
Reject_BOCOR;Complete_RUSOM;8981
Assign_COGEG;Complete_RUSOM;14
Migrate_QUHAT;Complete_RUSOM;31768
Renew_HITOK;Transform_SATAN;26
Transform_KUVAT;Trigger_BEDAX;31191
Delete_KULOB;Convert_FUHAG;919
Stop_FUMET;Stop_NARAR;253
IsExistent_CIZEX;Stop_NARAR;5
Select_GADEG;Stop_NARAR;17513
Trigger_SAZEB;Stop_NARAR;1381
IsExistent_KITAG;IsExistent_PESES;3
Transform_SUFES;IsExistent_PESES;2
Touch_TEBOG;Assign_QITOT;868
Report_XEZAN;Assign_QITOT;285
Reject_GELEM;Assign_QITOT;709
Migrate_WUDOZ;Select_SUXEX;6354
Migrate_QUHAT;SetStatus_VEBAB;202
SetStatus_CUDAS;Round_MOSAZ;129581
Migrate_RIKOZ;Start_QEXAK;12621
Start_TUMEG;Start_QEXAK;147208
Migrate_RIKOZ;Assign_VADEQ;29956
Round_QEHEX;Reject_ZOHET;1928
Migrate_RIKOZ;Send_FINOB;29949
Start_TUMEG;Send_FINOB;89404
Start_XUTES;Receive_LETAM;31
Trigger_SAZEB;Trigger_MIVEN;17285
Transform_KUVAT;Touch_NOXOQ;3296
Transform_FEGOV;Select_DAPON;29
Freeze_TIPOG;Complete_HOTOS;4015
Start_VORAK;Complete_HOTOS;74
Transform_KUVAT;Send_LAXEV;364
Transform_KUVAT;Renew_MEZOX;55
Touch_PORAM;Collect_POCEB;52
Delete_KULOB;Collect_POCEB;2306
Convert_RATOQ;Round_CITAL;32315
Receive_RUXAZ;Migrate_DOVEM;51046
Transform_FEGOV;Stop_PALEN;23
Transform_FEGOV;Reject_VASAV;2
Transform_FEGOV;Transform_ZOXAB;3620
Initialize_XACEX;IsExistent_VUVEL;556
Generate_VICAK;IsExistent_VUVEL;7
Initialize_XACEX;Assign_WAXOM;223
Start_WUBAV;Assign_WAXOM;60
Transform_SUFES;Report_XEZAN;10
Migrate_WUDOZ;Select_ZIBEQ;32238
Delete_KULOB;Reject_BOCOR;1275
Touch_PORAM;Reject_BOCOR;28
Start_XUTES;Reject_BOCOR;43857
Send_GIHAX;Complete_DAFET;3549
Convert_WODEL;Send_GIHAX;26
Reject_VUDEB;Delete_KULOB;2
Collect_LAMAG;Delete_KULOB;18
Start_XUTES;Delete_KULOB;73
Convert_LECAG;Delete_KULOB;6262
Collect_TAVEB;Delete_KULOB;69606
Receive_VEXOG;Delete_KULOB;40770
Migrate_NOFOL;Receive_MENEK;2
Generate_VICAK;Trigger_NIPOL;197
Renew_HITOK;Trigger_NIPOL;44
Send_GIHAX;Trigger_NIPOL;325
Generate_VICAK;Touch_PORAM;1
Receive_MAZON;Touch_PORAM;11545
Reject_VUDEB;Touch_PORAM;4
Receive_VEXOG;Touch_PORAM;2
Collect_TAVEB;Touch_PORAM;13
Convert_LECAG;Touch_PORAM;2894
Convert_WODEL;Touch_PORAM;11
Initialize_XACEX;Touch_PORAM;18602
Start_WUBAV;Touch_PORAM;43
Receive_MENEK;Touch_PORAM;1
Start_XUTES;Touch_PORAM;472
Stop_ZEDOZ;Generate_QUSEN;5
Send_GIHAX;Generate_QUSEN;13256
Start_XUTES;Convert_RATOQ;806
SetStatus_CUDAS;Round_SEVAR;2
Start_WUBAV;Round_SEVAR;85890
Convert_WODEL;Migrate_TIXES;66572
Initialize_XACEX;Start_WUBAV;36
Renew_HITOK;Initialize_XACEX;78548
Send_GESEG;Initialize_XACEX;128
Convert_RATOQ;Stop_ZEDOZ;7
Start_XUTES;Stop_ZEDOZ;42
Reject_GELEM;IsExistent_BIFAB;29
Reject_GAVOR;Report_DUHOK;6
Renew_GIBEM;Select_FAKAL;33275
Transform_SUFES;Reject_GELEM;74028
Renew_NADEZ;Send_MAROS;64
Touch_PORAM;Delete_PITEV;192
Touch_PORAM;Collect_QOVOX;8
SetStatus_CUDAS;Collect_QOVOX;25
SetStatus_CUDAS;Trigger_SAZEB;33
Start_WUBAV;Trigger_SAZEB;48713
Initialize_XACEX;Trigger_SAZEB;1
Round_XUFOM;Trigger_SAZEB;1514
Transform_SUFES;Touch_TEBOG;2378
SetStatus_CUDAS;Migrate_ZAGAN;4
Collect_QOVOX;Freeze_BEHEQ;2432
Trigger_SAZEB;Start_CIKOR;1611
Delete_KULOB;Start_CIKOR;6
SetStatus_XAZAZ;Initialize_DOLAS;1237
Migrate_WUDOZ;Assign_HEPAX;735
Start_TUMEG;Report_KIREZ;686
Receive_MENEK;Reject_MUTAG;2
Touch_ZUKEX;SetStatus_NAVEK;29900
SetStatus_NAVEK;Transform_QIZAM;897
Send_ROBEN;Transform_QIZAM;4
Complete_DAFET;Send_ROBEN;1990
Start_HASEM;Renew_SUCOQ;1493
Generate_BALOZ;Delete_TADAR;8851
Touch_PORAM;Collect_VEFES;14
Collect_QOVOX;Receive_WIGOT;74
Delete_PITEV;Receive_WIGOT;2918
Select_LOSOB;Trigger_XOHAV;47
Initialize_KETON;Convert_CEMAB;33268
Collect_QOVOX;Round_DINEG;400
Delete_PITEV;Start_HASEM;76
Collect_QOVOX;Start_HASEM;3359
Trigger_XOHAV;Start_HASEM;108
Start_XUTES;Touch_FISAS;102
SetStatus_KIGAL;Convert_NIFER;83963
Migrate_QUHAT;Round_POGOS;720
SetStatus_KIGAL;Migrate_QUHAT;1690
Stop_VONEB;Freeze_RAKEV;283
Renew_DUFEL;Start_SELOX;715
Generate_MANET;Start_SELOX;144283
Stop_BEXAV;Start_SELOX;2
Send_HICET;Start_SELOX;11934
Assign_XARAK;Start_SELOX;6
IsExistent_WUPOG;Start_SELOX;92
Receive_MENEK;Initialize_TIMAZ;32642
Freeze_RAKEV;Stop_VONEB;11620
IsExistent_WUPOG;Stop_VONEB;153
Report_PULEZ;IsExistent_WUPOG;2
Start_SELOX;IsExistent_WUPOG;712
Stop_VONEB;IsExistent_WUPOG;55311
Send_HICET;Assign_XARAK;41
Select_BITOM;Reject_COVAN;4990
Touch_LACON;Complete_FAZOR;803
SetStatus_DUXEQ;Complete_FAZOR;6195
Transform_LUPER;Complete_FAZOR;12738
Delete_LUFAX;Transform_GEBAS;159555
Start_SELOX;Send_HICET;22347
Report_PULEZ;Send_HICET;63167
Freeze_RAKEV;Renew_KODOV;53376
Assign_XARAK;Renew_KODOV;713
Trigger_KOLOR;Delete_LUFAX;3
Transform_MUKON;Delete_LUFAX;15
Transform_BOREX;Collect_MAGEZ;39
Renew_DATAB;Collect_MAGEZ;25
Send_CUSOZ;Collect_MAGEZ;6
Report_ZESEL;Collect_MAGEZ;5
Receive_CUBOT;Collect_MAGEZ;112327
Report_TITAT;Collect_MAGEZ;22
Complete_ZEBEB;Collect_MAGEZ;2
Transform_BICOG;Collect_MAGEZ;339
Send_CODAK;Collect_MAGEZ;814
Select_BEFAR;Collect_MAGEZ;49857
Complete_ZIPAV;Collect_MAGEZ;1
Transform_GEBAS;Collect_MAGEZ;63
Touch_QOLEK;Trigger_PIKAG;264
IsExistent_CIZEX;Convert_SANAM;14438
Round_TEPEN;Migrate_VIROQ;133
Complete_LOHEM;Freeze_WOSAR;1301
Start_XUTES;Freeze_WOSAR;6
Select_GADEG;Freeze_WOSAR;17
Send_ZOCAN;Start_XUTES;54
Freeze_WOSAR;Start_XUTES;509
Stop_VONEB;Start_XUTES;145179
Delete_FEVEG;Start_XUTES;2
Start_SELOX;Stop_BEXAV;5758
Report_PULEZ;Stop_BEXAV;174
Receive_CUBOT;Stop_BEXAV;73
Report_TITAT;Stop_BEXAV;2
Complete_ZEBEB;Stop_BEXAV;2
Transform_BICOG;Stop_BEXAV;86788
Assign_DOBOZ;IsExistent_CIZEX;8
Select_GADEG;IsExistent_CIZEX;1
IsExistent_CIZEX;Assign_DOBOZ;884
Select_BITOM;Report_FUCAB;3
Freeze_WOSAR;Select_GADEG;5045
Select_VOVEV;Reject_HEFOK;36
SetStatus_XAZAZ;Reject_HEFOK;69850
Report_XAKES;Start_DIDAN;530
Round_TEPEN;Initialize_FOFEQ;15962
Round_TEPEN;Stop_GUGOR;1454
Select_ZELOT;Assign_KEKET;3933
Start_BEBOZ;Assign_KEKET;3
Round_TEPEN;Report_LILOV;11344
Start_XUTES;Select_MOMAX;234
Reject_VUDEB;SetStatus_PAPOB;6
Round_HIVES;Complete_QERAG;6
Round_TEPEN;Complete_QERAG;44800
Round_HIVES;Transform_RISEK;1
Round_HIVES;Send_SOTOL;40668
Trigger_SAZEB;Renew_TUVAM;1012
Renew_NADEZ;Delete_VAXEN;22
Report_XAKES;Delete_VAXEN;1017
Round_TEPEN;Delete_VAXEN;195
Round_SAGEV;Delete_VAXEN;4362
IsExistent_BEPEL;Delete_VAXEN;3154
Report_DOSAN;Delete_VAXEN;5701
Reject_VUDEB;Delete_VAXEN;189
Stop_ZANAK;Delete_VAXEN;32
Report_DOSAN;Collect_WEZOQ;120
IsExistent_BEPEL;Collect_WEZOQ;7
Reject_VUDEB;Collect_WEZOQ;23
Stop_ZANAK;Collect_WEZOQ;5901
Reject_VUDEB;Receive_XIBAR;6
Report_XAKES;Receive_XIBAR;6
Round_TEPEN;Receive_XIBAR;170
Round_HIVES;Receive_XIBAR;79632
Renew_NADEZ;Receive_XIBAR;2585
Round_SAGEV;Receive_XIBAR;4601
Start_XUTES;Trigger_ZOCES;3988
Reject_SUPOM;Trigger_ZOCES;1
Assign_RUGOK;Touch_BUDOT;655
IsExistent_BEPEL;Generate_CAFAV;235
Stop_ZANAK;Generate_CAFAV;502
Assign_TUTEX;Generate_CAFAV;7884
Transform_KUVAT;Convert_DEGEX;6101
Start_TUMEG;Convert_DEGEX;2875
Round_SAGEV;Round_FIHOZ;74
Report_XAKES;Round_FIHOZ;4
Assign_BIXEQ;Freeze_HULEG;14
Reject_VUDEB;IsExistent_NORON;2
Reject_SUPOM;Assign_PUSAQ;38
Report_XAKES;Report_QATER;495
Renew_NADEZ;Report_QATER;250
Round_SAGEV;Report_QATER;60
Round_POGOS;Reject_SIXAT;131
Round_WOVOT;SetStatus_TOZEV;6
Report_XAKES;SetStatus_TOZEV;22
Round_SAGEV;SetStatus_TOZEV;35
Renew_NADEZ;SetStatus_TOZEV;90
Stop_XATOM;SetStatus_TOZEV;1
Renew_NADEZ;Complete_VUBOX;22238
Report_XAKES;Renew_ZIFOG;11270
Round_SAGEV;Renew_ZIFOG;29
Report_XAKES;Delete_BOGAK;24045
Round_TEPEN;Collect_CUHEL;12998
Stop_XATOM;Receive_DAKOM;747
Round_WOVOT;Receive_DAKOM;387
Report_XAKES;Receive_DAKOM;23961
Round_SAGEV;Receive_DAKOM;32337
Renew_NADEZ;Receive_DAKOM;36507
Round_MIDEK;Trigger_FELAN;3605
Send_FEZAL;Trigger_FELAN;161
Transform_DAXOK;Trigger_FELAN;7
Complete_CUVEG;Trigger_FELAN;25227
Report_DOSAN;Touch_GIMEQ;123347
Complete_XEGAK;Touch_GIMEQ;1531
Stop_ZANAK;Touch_ROFOB;45
Reject_BOCOR;Touch_ROFOB;11545
Transform_LUPER;Touch_ROFOB;79
IsExistent_LAVOM;Touch_ROFOB;61209
Assign_MEXAN;Touch_ROFOB;13105
Select_POBOR;Touch_ROFOB;92341
SetStatus_RADET;Touch_ROFOB;287
Send_VOHEZ;Touch_ROFOB;3
Round_VOCEX;Touch_ROFOB;3031
Reject_QUCAS;Touch_ROFOB;1347
Renew_HITOK;Touch_ROFOB;30
Send_GESEG;Touch_ROFOB;7
Renew_NADEZ;Touch_ROFOB;3423
Reject_BIMAV;Touch_ROFOB;6
Round_WOVOT;Touch_ROFOB;77
Reject_ZISOZ;Touch_ROFOB;26093
Collect_ZEMEK;Touch_ROFOB;78
Collect_QANEQ;Touch_ROFOB;6430
Delete_PUMAN;Touch_ROFOB;10621
SetStatus_WOMAQ;Touch_ROFOB;33
Reject_VILON;Touch_ROFOB;51
Select_TEKEM;Touch_ROFOB;2
Receive_BINOL;Touch_ROFOB;7843
Touch_SAROQ;Touch_ROFOB;5836
Transform_TIGAX;Touch_ROFOB;218
Initialize_DADOL;Generate_SUGAG;494
Transform_LEHAK;Round_VEKOL;20917
Touch_PORAM;Start_ZUNOQ;9
Report_MUXOL;Start_ZUNOQ;528
Collect_LAMAG;Start_ZUNOQ;4
Delete_KULOB;Start_ZUNOQ;1753
IsExistent_BIFAB;Start_ZUNOQ;12
Report_XEZAN;Start_ZUNOQ;15985
SetStatus_GEDOV;Initialize_BAPAR;1
Assign_BIXEQ;Initialize_BAPAR;1203
Start_TUMEG;Initialize_BAPAR;6602
Delete_KULOB;IsExistent_DISOT;501
Initialize_DADOL;IsExistent_DISOT;18
Round_TEPEN;IsExistent_DISOT;6
Reject_GELEM;Assign_FOTAV;6848
Receive_TEDEL;Assign_FOTAV;26
Generate_NUFOT;Assign_FOTAV;138824
Reject_GELEM;Report_GUVEX;6
Trigger_FODOB;Report_GUVEX;2964
Assign_HOHOQ;Report_GUVEX;3891
Collect_QANEQ;Report_GUVEX;18224
Delete_PUMAN;Report_GUVEX;1175
Send_GUBOQ;Report_GUVEX;20
Reject_BATEK;Report_GUVEX;3353
Delete_KULOB;Report_GUVEX;5134
Select_ZUSAG;Report_GUVEX;651
Transform_FARAB;Report_GUVEX;86883
Delete_PUMAN;SetStatus_LIBEG;23883
Collect_QANEQ;SetStatus_LIBEG;717
Reject_QUCAS;Transform_NUDAL;32879
Send_GESEG;Transform_NUDAL;14387
Collect_QANEQ;Transform_NUDAL;1
Delete_PUMAN;Transform_NUDAL;10903
SetStatus_WOMAQ;Transform_NUDAL;82
Reject_VILON;Transform_NUDAL;46154
Select_TEKEM;Transform_NUDAL;17
Receive_BINOL;Transform_NUDAL;2
Collect_ZEMEK;Transform_NUDAL;10668
SetStatus_RADET;Transform_NUDAL;37
Select_POBOR;Transform_NUDAL;63
Assign_MEXAN;Transform_NUDAL;3
IsExistent_LAVOM;Transform_NUDAL;29422
Transform_LUPER;Transform_NUDAL;7
Reject_BOCOR;Transform_NUDAL;359
Transform_TIGAX;Transform_NUDAL;34414
SetStatus_NINAV;Send_PAFEM;438
IsExistent_GIGEN;Send_PAFEM;1900
Stop_TAMOV;Send_PAFEM;8502
Touch_GUFAG;Send_PAFEM;701
Initialize_DADOL;Send_PAFEM;98853
Complete_POPEX;Send_PAFEM;1179
Report_XAKES;Send_PAFEM;92
Round_SAGEV;Send_PAFEM;10607
Reject_RENAG;Trigger_VAMAT;9681
Reject_GAVOR;Assign_LEDOR;3
Trigger_NEBAQ;Assign_LEDOR;595
Reject_MEMOT;SetStatus_QAKAX;8
Collect_VOXAL;SetStatus_QAKAX;2
Migrate_QUHAT;Send_TONAG;2
Send_GESEG;Collect_XESAM;18
Renew_NADEZ;Collect_XESAM;7428
Delete_DAMEQ;Collect_XESAM;4393
Renew_HITOK;Collect_XESAM;28797
Trigger_SAZEB;Collect_XESAM;2
Migrate_ZAGAN;Collect_XESAM;26794
IsExistent_VUVEL;Collect_XESAM;105333
Migrate_SENEB;Collect_XESAM;6
Delete_DAMEQ;Receive_ZITEN;4751
Trigger_FODOB;Start_QOPOV;1
Touch_RAXES;Start_QOPOV;5
Convert_TIBAV;Start_QOPOV;13990
Round_VOCEX;Start_QOPOV;75
Reject_KOROS;Start_QOPOV;7151
Touch_TOSET;Delete_NUSOR;2173
Collect_QANEQ;Delete_NUSOR;159
Delete_PUMAN;Delete_NUSOR;1
Send_GESEG;Receive_QEVET;3
Renew_NADEZ;Receive_QEVET;27513
IsExistent_TOMES;Generate_TUBEZ;75
Trigger_NEBAQ;Convert_VACOB;515
Freeze_QUBEK;Round_WEDAG;73806
Renew_NADEZ;Round_WEDAG;26246
Assign_CIROM;Round_WEDAG;3646
Stop_ZANAK;Round_WEDAG;3
Select_ZELOT;Round_WEDAG;188
Assign_VUNOT;Round_WEDAG;3
Delete_DOTOX;Round_WEDAG;4
Transform_LUPER;Round_WEDAG;4
IsExistent_ZILOK;Round_WEDAG;12
Trigger_NEBAQ;Round_WEDAG;5363
Renew_NADEZ;Migrate_XIFEK;3
Reject_MEMOT;Initialize_CAKEN;28
Transform_FARAB;Initialize_CAKEN;213
Migrate_WUDOZ;Stop_DELOQ;3390
Assign_VUNOT;Stop_DELOQ;37005
Stop_PIDAB;Stop_DELOQ;28
IsExistent_QOFEG;Stop_DELOQ;3
Touch_PICER;Stop_DELOQ;5773
Renew_NOLOM;Stop_DELOQ;4
Freeze_PUGAM;IsExistent_FIMAR;15418
Delete_KULOB;Assign_GONES;208
Receive_RUXAZ;Assign_GONES;6694
Transform_SUFES;Report_HUPOT;62551
Trigger_SAZEB;Select_KARAV;15799
Complete_POPEX;Reject_LESEX;392
Trigger_FODOB;SetStatus_MITOZ;19
Touch_RAXES;SetStatus_MITOZ;3
Assign_VUNOT;Transform_PUXEG;1
Assign_TUTEX;Transform_PUXEG;1276
Collect_VOXAL;Transform_PUXEG;13
Migrate_WUDOZ;Transform_PUXEG;19
Transform_QUROZ;Transform_PUXEG;45890
Generate_POKEV;Transform_PUXEG;1
Collect_PIMOL;Transform_PUXEG;10504
Freeze_ZAZEX;Transform_PUXEG;3
Report_DOSAN;Transform_PUXEG;46832
Complete_POPEX;Transform_PUXEG;197
IsExistent_QOFEG;Transform_PUXEG;7
Touch_PICER;Transform_PUXEG;3
Assign_HOHOQ;Transform_PUXEG;22626
Touch_TOSET;Transform_PUXEG;11
Collect_QANEQ;Transform_PUXEG;25354
Delete_PUMAN;Transform_PUXEG;3
Renew_NOLOM;Transform_PUXEG;99
SetStatus_HUFEB;Transform_PUXEG;6
Touch_KIBAK;Transform_PUXEG;22497
Complete_XUNER;Transform_PUXEG;28103
Receive_GAXEB;Transform_PUXEG;7
Stop_PIDAB;Transform_PUXEG;42000
Reject_MEMOT;Transform_PUXEG;3
Delete_NIBAZ;Send_QAZOK;6
Initialize_XACEX;Send_QAZOK;4393
Stop_ZEDOZ;Send_QAZOK;12049
Touch_GUFAG;Delete_SICEM;27574
Trigger_FODOB;Collect_TODON;155617
Report_VAVOZ;Collect_TODON;1055
Reject_KOROS;Collect_TODON;58
Reject_GAVOR;Receive_VUFAQ;19
Renew_HITOK;Trigger_WAGER;46370
Transform_VUSAM;Reject_GODAZ;1725
Transform_KUVAT;Complete_KAGOG;18760
Delete_XALAG;Transform_LEHAK;45
Round_VOCEX;Transform_LEHAK;130
Round_VOCEX;Send_MIKEL;113
Collect_ZEMEK;Renew_NOLOM;16
Send_VOHEZ;Delete_PUMAN;50
Send_MIKEL;Delete_PUMAN;2179
Trigger_COPAM;Receive_REPOR;43
Trigger_FODOB;Receive_REPOR;618
Receive_REPOR;Trigger_SIRAS;9
Generate_VUTOV;Trigger_SIRAS;1005
Send_VOHEZ;Generate_VUTOV;76752
Round_XEXEZ;Generate_VUTOV;33
Reject_VILON;Generate_VUTOV;64430
Send_MIKEL;Generate_VUTOV;152
Convert_TIBAV;Convert_WAVAX;135837
Receive_REPOR;Round_XEXEZ;11
Convert_WAVAX;Round_XEXEZ;109
Reject_KOROS;Round_XEXEZ;5
Send_PIXAZ;Round_XEXEZ;4
Transform_KUVAT;Migrate_ZIZOB;12954
Receive_MOGAV;Start_CUCEK;22
Initialize_SULET;Start_CUCEK;417
Delete_KEDES;Initialize_DADOL;5578
SetStatus_NINAV;Initialize_DADOL;80747
Complete_POPEX;Initialize_DADOL;135441
Initialize_SULET;Stop_FEFAM;8246
Receive_MOGAV;Stop_FEFAM;11
Complete_POPEX;Stop_FEFAM;6911
Transform_WITOR;IsExistent_GIGEN;1380
Round_VOCEX;Select_LALES;7671
Receive_WUZEM;Reject_MEMOT;287
Round_NAFAN;Complete_POPEX;131303
Delete_PUMAN;Complete_POPEX;826
Collect_QANEQ;Complete_POPEX;18524
Touch_TOSET;Complete_POPEX;51032
Report_KUKAR;Complete_POPEX;671
Renew_SETEG;Complete_POPEX;26
Trigger_HEZOG;Send_RASAB;1
Collect_VOXAL;Renew_SETEG;2188
Reject_MEMOT;Renew_SETEG;40500
Send_BERAT;Delete_TIVOK;368
Transform_FOZEN;Trigger_XABON;18260
Convert_TIBAV;Generate_BIDER;5
Receive_BINOL;Generate_BIDER;27837
Trigger_FODOB;Generate_BIDER;52199
Stop_RIROT;Generate_BIDER;455
Select_TEKEM;Convert_COFOS;273
Transform_TIGAX;Convert_COFOS;8074
Assign_MEXAN;Convert_COFOS;9707
SetStatus_RADET;Convert_COFOS;4
Collect_ZEMEK;Round_DUGAT;2
Assign_RUGOK;Migrate_FAHEV;488
Trigger_FODOB;Convert_NUXAK;2
Touch_PORAM;Freeze_RICAN;2902
SetStatus_CUDAS;Freeze_RICAN;9
SetStatus_CUDAS;Start_SODEQ;322
Start_XUTES;Start_SODEQ;12791
Touch_PORAM;Stop_VAGAS;2
Round_HIVES;IsExistent_WEHET;18196
Convert_KEHOL;Reject_CANOB;52
Start_FUPAX;SetStatus_DEPAG;90297
Select_FAKAL;Receive_NOBES;34
Stop_ZANAK;Receive_NOBES;123294
Receive_VEXOG;Receive_NOBES;356
Collect_TAVEB;Receive_NOBES;3206
Convert_LECAG;Receive_NOBES;59
Transform_LUPER;Receive_NOBES;60081
Report_DUHOK;Receive_NOBES;34449
Initialize_VANOK;Receive_NOBES;32309
Stop_VONEB;Receive_NOBES;3
Send_GESEG;Generate_REFEX;18
Report_FUCAB;Generate_REFEX;3405
Stop_XATOM;Generate_REFEX;5
Select_ZELOT;Generate_REFEX;712
Renew_HITOK;Generate_REFEX;316
Renew_NADEZ;Generate_REFEX;18039
Round_WOVOT;Generate_REFEX;53
Receive_BINOL;Round_TOHAB;5
Reject_QUCAS;Migrate_VUKEG;37
Stop_XATOM;Start_XEMAL;3
Renew_NADEZ;Start_XEMAL;5
Renew_HITOK;Start_XEMAL;160482
Round_WOVOT;Start_XEMAL;2
Initialize_WUSEL;Start_XEMAL;9
Report_FUCAB;Start_XEMAL;25
Send_GESEG;Start_XEMAL;3011
Reject_QUCAS;Initialize_ZINEM;71
Convert_VITES;Stop_BOPON;347
Round_VOCEX;IsExistent_CURAQ;9
Round_VOCEX;Report_FETOS;392
Send_MIKEL;Report_FETOS;3517
Reject_VILON;Report_FETOS;130162
Send_VOHEZ;Report_FETOS;107422
Report_GENAQ;Select_GIVAT;312
Generate_SEZOT;Select_GIVAT;5
Receive_DICEZ;Reject_HOXEV;219
Send_VOHEZ;SetStatus_KUZOX;62958
Send_MIKEL;SetStatus_KUZOX;58259
Assign_MEXAN;Renew_POFAK;101
Start_MABEX;Delete_QUGEL;2
Freeze_LUZAV;Collect_RAHOM;1
Transform_ZAPOS;Receive_SEKAN;247
Generate_QODOS;Trigger_TILEQ;514
Round_NIXOB;Trigger_TILEQ;48078
Complete_XEGAK;Generate_WUNAS;7
Stop_FUMET;Migrate_BISAX;65870
IsExistent_VUVEL;Migrate_BISAX;7178
Stop_KUTEL;Initialize_FAXAG;1837
IsExistent_LAVOM;Initialize_FAXAG;818
Renew_CISEV;Stop_GEZEK;12988
Initialize_NECOZ;IsExistent_HIBOL;7
Complete_SEFOV;Assign_KOCAM;90055
Collect_ZEMEK;Assign_KOCAM;996
Renew_WUKOB;Assign_KOCAM;2
Select_LALES;Report_LUDEN;52
SetStatus_RADET;Select_MAFOQ;21
Stop_KUTEL;Reject_NEGAR;809
Report_NIZEQ;Reject_NEGAR;3850
Select_POBOR;Reject_NEGAR;24
SetStatus_WOMAQ;SetStatus_PIHES;27
Complete_XEGAK;Send_SAMEX;56
Start_VORAK;Renew_TENOZ;9931
Freeze_TIPOG;Renew_TENOZ;1241
Round_RAMAZ;Receive_XUSOK;11
Transform_TIGAX;Trigger_ZATAL;15368
Complete_HIFAX;Touch_BEVEM;63
Select_TEKEM;Generate_CIXON;11
SetStatus_GEDOV;Convert_DOZAQ;13
Report_HEHEM;Convert_DOZAQ;43304
Convert_QULOX;Convert_DOZAQ;502
Trigger_MEGOS;Convert_DOZAQ;793
Send_QIREV;Convert_DOZAQ;886
Assign_BIXEQ;Convert_DOZAQ;724
Complete_XEGAK;Round_FUBER;12
Select_KIKON;Freeze_HEDAT;2418
Reject_LOLAQ;Freeze_HEDAT;897
SetStatus_MUMER;Freeze_HEDAT;11
Transform_PEPAT;Start_KIFEV;745
Renew_ROSOX;Initialize_LOGOX;152956
IsExistent_FUFOK;Initialize_LOGOX;84
Touch_GUFAG;Stop_MUHAZ;18
Assign_TUTEX;Assign_PELOG;176
Initialize_QEPES;Assign_PELOG;6
Reject_TUKAK;Transform_CADEM;22442
Reject_TUKAK;Renew_FIGAQ;2843
Renew_WUKOB;Delete_MERAM;22267
Select_SOHOG;Delete_MERAM;2254
Initialize_MOBAT;Delete_MERAM;8133
Initialize_XACEX;Delete_MERAM;3
Trigger_BANEG;Delete_MERAM;3
Convert_ZAKOR;Delete_MERAM;369
Reject_QUCAS;Delete_MERAM;419
Report_NIZEQ;Delete_MERAM;2882
Select_GADEG;Delete_MERAM;16
Stop_KUTEL;Delete_MERAM;21285
Complete_SEFOV;Delete_MERAM;7397
SetStatus_VALEL;Receive_POTOQ;6
Trigger_FODOB;Convert_TIBAV;3
Complete_KONAQ;Round_VOCEX;3
Receive_DICEZ;Round_VOCEX;14544
Trigger_FODOB;Round_VOCEX;11283
Receive_DICEZ;Migrate_WUDOZ;3
Trigger_FODOB;Migrate_WUDOZ;4
IsExistent_SOSAV;Freeze_XAFAB;216
Touch_RAXES;Freeze_XAFAB;156
SetStatus_VALEL;Start_ZEGEG;261
Transform_SUFES;Assign_FAMON;4
Touch_GUFAG;Select_HIPER;4135
SetStatus_VALEL;SetStatus_LUSAT;4179
Send_PIXAZ;Complete_MATEV;358
Trigger_FODOB;Transform_NEVOX;239
Reject_KOROS;Transform_NEVOX;50837
Initialize_GAREZ;Collect_SACAK;136210
Receive_ZUMAB;Collect_SACAK;2731
Send_PIXAZ;Collect_SACAK;30897
Delete_KULOB;Collect_SACAK;2231
Freeze_BEHEQ;Trigger_VIFOM;5
IsExistent_KITAG;Touch_WOGAN;333
Assign_FAMON;Generate_XUHEQ;1
IsExistent_KITAG;Generate_XUHEQ;108
Round_SEVAR;Convert_ZAKOR;9550
Convert_ZAKOR;Migrate_CIMET;1523
Select_SOHOG;Migrate_CIMET;2
Migrate_QUHAT;Migrate_CIMET;7
Initialize_XACEX;Migrate_CIMET;529
Report_TITAT;Migrate_CIMET;23
Start_XUTES;Migrate_CIMET;16770
Transform_SUFES;Freeze_DONOV;192
Delete_PITEV;Stop_HESOB;96939
Transform_SUFES;IsExistent_KITAG;4
Touch_WOGAN;Assign_LOVEK;3039
IsExistent_KITAG;Assign_LOVEK;349
Trigger_FODOB;Report_MUXOL;4
Round_VOCEX;Select_NAZAM;45
Trigger_FODOB;Select_NAZAM;3
Trigger_FODOB;Reject_PEBEN;1546
Convert_TIBAV;Reject_PEBEN;1
Send_PIXAZ;Reject_PEBEN;171
Convert_TIBAV;SetStatus_QICOQ;6
Round_VOCEX;SetStatus_QICOQ;7
Transform_LUPER;SetStatus_QICOQ;2871
Renew_ZUXET;SetStatus_QICOQ;1015
SetStatus_VALEL;SetStatus_QICOQ;31899
Freeze_NUMOQ;Transform_SUFES;12372
Delete_WIKEX;Transform_SUFES;178
Trigger_GOXAX;Send_TAGOT;133
Trigger_FODOB;Send_TAGOT;356
Start_PANAR;Send_TAGOT;39
Reject_KOROS;Send_TAGOT;3574
Complete_RODAR;Send_TAGOT;928
Delete_PUMAN;Renew_VEHAV;1966
Collect_QANEQ;Renew_VEHAV;80
Initialize_GAREZ;Renew_VEHAV;62
Collect_TAVEB;Renew_VEHAV;213
Receive_VEXOG;Renew_VEHAV;17
Delete_DAMEQ;Renew_VEHAV;2132
Send_GESEG;Renew_VEHAV;3
Renew_NADEZ;Renew_VEHAV;177
Receive_BINOL;Renew_VEHAV;9
Freeze_VIKAZ;Renew_VEHAV;18210
Migrate_RIKOZ;Renew_VEHAV;34
Transform_LEHAK;Renew_VEHAV;8
Collect_ZEMEK;Renew_VEHAV;120
Assign_MEXAN;Renew_VEHAV;7
Start_XUTES;Renew_VEHAV;28316
Round_TEPEN;Renew_VEHAV;155
Convert_WODEL;Renew_VEHAV;863
Trigger_SAZEB;Renew_VEHAV;31
Touch_PORAM;Renew_VEHAV;10507
Start_TUMEG;Renew_VEHAV;19
Reject_VILON;Renew_VEHAV;74880
Send_TAGOT;Collect_XOLOZ;54295
Renew_QOZEB;Collect_XOLOZ;152695
Start_XUTES;Collect_XOLOZ;40
Transform_LUPER;Collect_XOLOZ;3042
Migrate_QUHAT;Collect_XOLOZ;1
Collect_ZEMEK;Trigger_BANEG;9087
Touch_PORAM;Trigger_BANEG;17
Stop_ZANAK;Trigger_BANEG;402
Select_SOHOG;Trigger_BANEG;1354
Convert_COFOS;Trigger_BANEG;37
SetStatus_WOMAQ;Trigger_BANEG;3031
Receive_BINOL;Trigger_BANEG;29876
Transform_TIGAX;Trigger_BANEG;1313
Select_POBOR;Trigger_BANEG;41
Assign_MEXAN;Trigger_BANEG;64
IsExistent_LAVOM;Trigger_BANEG;162
Trigger_SAZEB;Trigger_BANEG;17
Stop_FUMET;Trigger_BANEG;2
Migrate_CIMET;Touch_CEPOK;578
Stop_ZANAK;Touch_CEPOK;3
Convert_LECAG;Touch_CEPOK;9
Convert_QULOX;Touch_CEPOK;68
Select_SOHOG;Touch_CEPOK;13135
Freeze_BEHEQ;Touch_CEPOK;446
Assign_BIXEQ;Touch_CEPOK;585
Collect_QOVOX;Touch_CEPOK;2100
Initialize_XACEX;Touch_CEPOK;72
Delete_KULOB;Touch_CEPOK;37
Transform_LEHAK;Touch_CEPOK;34236
Convert_ZAKOR;Generate_DIRAL;4
Select_SOHOG;Generate_DIRAL;1868
Convert_ZAKOR;Convert_FOSEM;308
Migrate_HAVAQ;Convert_FOSEM;535
IsExistent_SOSAV;Convert_FOSEM;2123
Convert_ZAKOR;Round_GUTON;24
Select_SOHOG;Round_GUTON;9632
IsExistent_SOSAV;Round_GUTON;93439
Initialize_MOBAT;Migrate_HAVAQ;14090
IsExistent_SOSAV;Migrate_HAVAQ;1664
Touch_RAXES;Migrate_HAVAQ;14313
Reject_KOROS;Migrate_HAVAQ;20
Complete_MATEV;Migrate_HAVAQ;1506
Send_PIXAZ;Migrate_HAVAQ;8391
Touch_PORAM;Freeze_KEXER;4825
Migrate_HAVAQ;Start_LIZOS;276
Start_FUPAX;Initialize_MOBAT;144117
IsExistent_SOSAV;Stop_NUCEV;156062
Migrate_HAVAQ;Stop_NUCEV;14287
Convert_ZAKOR;IsExistent_PADOX;19
Migrate_HAVAQ;Assign_QEFAZ;14
Report_GENAQ;Report_RIGEB;54632
Initialize_XACEX;Select_SOHOG;176
IsExistent_DULEM;SetStatus_VALEL;14
Send_TAGOT;Complete_WEMOM;1
Send_TAGOT;Transform_XINAN;12215
Reject_RENAG;Send_ZOPEQ;2368
Reject_RENAG;Delete_CASAS;9
Send_CODAK;Delete_CASAS;3634
SetStatus_VALEL;Trigger_GOXAX;11
IsExistent_SOSAV;Touch_HUZEZ;2
Migrate_HAVAQ;Touch_HUZEZ;5505
Stop_RIROT;Generate_KABOB;136137
Delete_MERAM;Generate_KABOB;47956
Trigger_FODOB;Generate_KABOB;726
Reject_KOROS;Generate_KABOB;107939
Round_MIDEK;Complete_XEGAK;40355
Initialize_REKOQ;Transform_ZIHEL;2277
Reject_BIMAV;Send_BOKOM;2290
Reject_LOLAQ;Delete_DAMEQ;33
Round_XOPAR;Delete_DAMEQ;3007
Convert_RUFAT;Delete_DAMEQ;1701
Initialize_SEDAM;Delete_DAMEQ;2431
SetStatus_MUMER;Delete_DAMEQ;883
Assign_GAGAL;Delete_DAMEQ;17727
IsExistent_FUFOK;Delete_DAMEQ;34248
Migrate_XUXAV;Delete_DAMEQ;868
Select_DUBAS;Delete_DAMEQ;3353
Report_WAPAV;Delete_DAMEQ;833
Complete_NANOS;Delete_DAMEQ;19
Delete_DAMEQ;Receive_GIPAS;28159
Touch_PICER;Touch_KUSOV;3
Migrate_WUDOZ;Convert_MEVEZ;41
Collect_PIMOL;Round_NIXOB;2763
Delete_SUTAZ;Round_NIXOB;5
Freeze_ZAZEX;Round_NIXOB;78254
Generate_POKEV;Round_NIXOB;7664
IsExistent_ZEVAN;Round_NIXOB;20508
Renew_MAKAG;Round_NIXOB;6
Start_QAHEN;Stop_TIFEN;82876
Transform_KOGEZ;Stop_TIFEN;142
Report_WAPAV;IsExistent_VOGOQ;51
Stop_FOXOZ;IsExistent_VOGOQ;1
Touch_PICER;IsExistent_VOGOQ;14
Delete_DAMEQ;IsExistent_VOGOQ;3
Stop_SILAR;IsExistent_VOGOQ;104
Initialize_REKOQ;IsExistent_VOGOQ;3256
Trigger_NEBAQ;IsExistent_VOGOQ;3411
Renew_NADEZ;Report_XAKES;40
Generate_VEMEN;Select_ZELOT;173
Start_BEBOZ;Select_ZELOT;2214
Round_XOPAR;Reject_BIMAV;22761
Initialize_SEDAM;Reject_BIMAV;707
Select_XEREX;Reject_BIMAV;7389
Collect_KUDAQ;Reject_BIMAV;7807
Receive_QONAM;Reject_BIMAV;796
Convert_LECAG;SetStatus_CONEX;32912
Collect_TAVEB;SetStatus_CONEX;61719
Receive_VEXOG;SetStatus_CONEX;385
Trigger_NEBAQ;Complete_DUPOZ;143
Round_XOPAR;Complete_DUPOZ;1858
Initialize_SEDAM;Complete_DUPOZ;15
Delete_DAMEQ;Complete_DUPOZ;7
Complete_NANOS;Complete_DUPOZ;41955
Assign_GAGAL;Complete_DUPOZ;214
Delete_NELEK;Complete_DUPOZ;11
Select_DUBAS;Complete_DUPOZ;45311
Initialize_WUSEL;Complete_DUPOZ;392
Delete_HOCON;Complete_DUPOZ;11915
Select_XEREX;Complete_DUPOZ;1067
Convert_VITES;Complete_DUPOZ;1
Send_GESEG;Transform_FARAB;73739
Migrate_XUXAV;Send_GESEG;108
Initialize_CICAB;Send_GESEG;50
Reject_BIMAV;Send_GESEG;130
Trigger_RUPEN;Renew_HITOK;410
Receive_LAFER;Renew_HITOK;49250
Send_QIREV;Renew_HITOK;2
Renew_ROSOX;Renew_HITOK;2332
Report_HEHEM;Renew_HITOK;764
Round_WOVOT;Renew_HITOK;9201
Send_LUHOB;Renew_HITOK;30843
Transform_KOGEZ;Renew_HITOK;6494
Reject_FACET;Renew_HITOK;46
Touch_NIHAT;Renew_HITOK;2
Delete_DAMEQ;Renew_HITOK;465
Report_COZOR;Renew_HITOK;4739
Initialize_XUMOG;Delete_KOVAL;349
Start_WOLEB;Delete_KOVAL;515
Touch_PICER;Delete_KOVAL;9527
Receive_QONAM;Collect_LUXEM;207
Transform_KOGEZ;Receive_MAZON;784
Generate_TESAR;Receive_MAZON;26
Generate_TESAR;Trigger_NEBAQ;1
Stop_ZANAK;Touch_PICER;112
Report_DOSAN;Touch_PICER;83
Freeze_QUBEK;Touch_PICER;18
Delete_DAMEQ;Touch_PICER;946
Complete_XEGAK;Touch_PICER;4
Complete_NANOS;Touch_PICER;1067
Reject_LOLAQ;Touch_PICER;6
Assign_GAGAL;Touch_PICER;1450
IsExistent_FUFOK;Touch_PICER;5
Migrate_XUXAV;Touch_PICER;69
Migrate_WUDOZ;Touch_PICER;95
Renew_GIBEM;Touch_PICER;4
SetStatus_MUMER;Touch_PICER;951
Generate_NUFOT;Round_SAGEV;13
Send_MAROS;Round_SAGEV;86699
Renew_NADEZ;Round_SAGEV;111289
Renew_HITOK;Start_WOLEB;4
Delete_DAMEQ;Start_WOLEB;1122
Renew_HITOK;Initialize_XUMOG;159
Send_FEZAL;Stop_ZANAK;60
Complete_CUVEG;IsExistent_BEPEL;309
Send_FEZAL;IsExistent_BEPEL;8832
Complete_XEGAK;IsExistent_BEPEL;111
Assign_CIROM;IsExistent_BEPEL;5
Complete_CUVEG;Assign_CIROM;1
Transform_DAXOK;Report_DOSAN;2
Renew_GIBEM;Reject_GAVOR;11
Round_XOPAR;Reject_GAVOR;3
Complete_KIZET;SetStatus_HEXAS;1313
Stop_SILAR;SetStatus_HEXAS;53175
Initialize_REKOQ;SetStatus_HEXAS;7
Send_MUCAX;SetStatus_HEXAS;1
Initialize_REKOQ;Complete_KIZET;277
Stop_SILAR;Complete_KIZET;142
Collect_KUDAQ;Transform_LOBOV;8
Receive_QONAM;Transform_LOBOV;18703
Collect_TAVEB;Transform_LOBOV;79
Receive_VEXOG;Transform_LOBOV;358
Delete_DAMEQ;Send_MUCAX;53792
Stop_XATOM;Renew_NADEZ;623
Renew_GIBEM;Delete_PEFOB;313
Assign_BIXEQ;Delete_PEFOB;19
Reject_GAVOR;Delete_PEFOB;570
Select_FAKAL;Delete_PEFOB;2
Initialize_REKOQ;Collect_QIGAG;86545
Stop_SILAR;Collect_QIGAG;234
Complete_NANOS;Receive_ROHEK;48
Assign_GAGAL;Receive_ROHEK;26668
Touch_SAROQ;Receive_ROHEK;70657
Round_XOPAR;Trigger_SUKOL;9604
Start_XUTES;Trigger_SUKOL;3
Select_GADEG;Touch_TALAM;62256
Start_BEBOZ;Generate_VEMEN;270
Touch_PICER;Generate_VEMEN;140
Freeze_RUTOB;Round_XOPAR;24817
Round_XOPAR;Stop_FOXOZ;18
Complete_XEGAK;Assign_HABEG;5781
Complete_LOHEM;IsExistent_MIHOV;24808
Select_BITOM;Assign_NOKAX;196
Collect_GEHAN;Renew_XEVOQ;9
IsExistent_RARER;Collect_BOZES;90
Delete_LOPEG;Trigger_DACAV;131029
Convert_HOGAB;Round_KUHEG;1025
Start_NIMEM;Freeze_MELAL;26477
Reject_WUXOX;Stop_QUPAQ;89
SetStatus_XAZAZ;Stop_QUPAQ;14183
Stop_BEXAV;Report_TITAT;20454
Assign_SESOS;Report_TITAT;185
Collect_BOZES;Report_TITAT;22115
Reject_HEFOK;Select_VOVEV;165
Renew_KINAB;Select_VOVEV;42732
Reject_HEFOK;Reject_WUXOX;24060
Renew_KINAB;Reject_WUXOX;5
Reject_HEFOK;SetStatus_XAZAZ;77
Renew_KINAB;SetStatus_XAZAZ;33585
Collect_BOZES;Transform_BICOG;76
Assign_SESOS;Transform_BICOG;965
Round_PIRAX;Delete_FAGOM;14
Migrate_QOSEZ;Trigger_KOLOR;65
Migrate_QOSEZ;Freeze_RUTOB;880
Round_PIRAX;Initialize_TEXEK;160122
Complete_FUKAV;Stop_VIZOL;4665
Start_XUTES;Assign_XUCEN;66
Renew_KINAB;Report_ZADOQ;1
Select_BITOM;Report_ZADOQ;3
Stop_VONEB;Report_ZADOQ;28155
Migrate_LAKOK;Select_BEFAR;57
Round_KUHEG;Select_BEFAR;12732
Trigger_SAZEB;Reject_CIGES;28391
Stop_FUMET;Reject_CIGES;1982
Reject_CIGES;Complete_FUKAV;8
Renew_KINAB;Complete_FUKAV;5
Assign_XARAK;Send_HEMOZ;3
Collect_QOVOX;Renew_KINAB;218
Select_GADEG;Renew_KINAB;509
IsExistent_CIZEX;Renew_KINAB;2132
Stop_BEXAV;Renew_KINAB;2
Trigger_SAZEB;Renew_KINAB;102
IsExistent_GANOV;Renew_KINAB;24111
Renew_KINAB;Delete_LOPEG;3
Stop_VONEB;Collect_MUROK;78931
Generate_ROXAQ;Freeze_WIDEV;309
Round_TABOS;Freeze_WIDEV;75
Trigger_PETEM;Freeze_WIDEV;42
Touch_QIVON;Freeze_WIDEV;139695
Trigger_PETEM;Start_XOFOX;2
Touch_QIVON;Start_XOFOX;85
Generate_ROXAQ;Start_XOFOX;10
Convert_SUZER;Initialize_ZUGAZ;86
Round_TABOS;Initialize_ZUGAZ;14
Generate_ROXAQ;Initialize_ZUGAZ;5
Touch_QIVON;Initialize_ZUGAZ;1
Trigger_PETEM;Initialize_ZUGAZ;590
Touch_QIVON;Stop_BAHEB;30
Generate_ROXAQ;Stop_BAHEB;145
Convert_SUZER;Stop_BAHEB;31075
Round_TABOS;Stop_BAHEB;2111
Migrate_VECAT;Stop_BAHEB;93
Trigger_PETEM;Stop_BAHEB;18231
Send_WATEN;IsExistent_CEKOG;2245
Complete_FUKAV;IsExistent_CEKOG;378
Initialize_REKOQ;Touch_VAFEK;109945
Transform_KUVAT;Generate_CUPEB;6
Transform_KUVAT;Convert_DAROG;34641
Transform_KUVAT;Freeze_HOVOM;518
Delete_KULOB;Freeze_HOVOM;1904
Touch_PORAM;Freeze_HOVOM;2
Transform_KUVAT;Start_KUXAN;5309
Delete_KULOB;Stop_MEBOR;61
Freeze_BOBAG;Convert_PEKAS;3
Reject_MEMOT;Convert_PEKAS;1628
Complete_XUNER;Convert_PEKAS;28663
Initialize_SULET;Stop_WISAG;3
Receive_MOGAV;Stop_WISAG;3
Freeze_BOBAG;Stop_WISAG;622
Reject_MEMOT;Stop_WISAG;2108
Round_HIVES;Stop_WISAG;16314
Touch_PORAM;Report_BAXAM;677
Touch_PORAM;Transform_HAFOT;50
Reject_MEMOT;Send_KEGAV;532
Round_HIVES;Send_KEGAV;982
SetStatus_MUMER;Collect_NULAB;157
Select_KIKON;Collect_NULAB;2
IsExistent_FUFOK;Receive_PAMEG;40040
Assign_GAGAL;Receive_PAMEG;664
Report_HEHEM;Receive_PAMEG;1334
Select_KIKON;Receive_PAMEG;72
Reject_LOLAQ;Receive_PAMEG;122717
SetStatus_MUMER;Receive_PAMEG;40245
Complete_NANOS;Receive_PAMEG;51680
Transform_PEPAT;Receive_PAMEG;1
Send_QIREV;Receive_PAMEG;4435
Renew_ROSOX;Receive_PAMEG;41
Migrate_WUDOZ;Convert_TUSON;3
Delete_BAZOV;Round_HEGOX;3243
SetStatus_CUDAS;Migrate_KIHAZ;3139
Stop_VONEB;Migrate_KIHAZ;2414
IsExistent_VUVEL;Freeze_LOKEB;6
Delete_CAFOR;Start_MULOG;102
Start_XUTES;Start_MULOG;16
Collect_VOXAL;Initialize_NAMAK;36364
Initialize_WUSEL;Stop_PENEL;6287
SetStatus_BOTAB;Stop_PENEL;7173
Convert_VITES;Stop_PENEL;2
Touch_SAROQ;Stop_PENEL;3294
Delete_NELEK;Stop_PENEL;2
Send_LUHOB;Stop_PENEL;135436
Reject_FACET;Stop_PENEL;161782
Assign_BIXEQ;Stop_PENEL;620
Convert_QULOX;Stop_PENEL;159853
Trigger_MEGOS;Stop_PENEL;844
Delete_HOCON;Stop_PENEL;46822
Select_XEREX;Stop_PENEL;110322
Report_WAPAV;Stop_PENEL;11
Round_MIDEK;Stop_PENEL;7193
Round_RAMAZ;Stop_PENEL;1397
Collect_KUDAQ;Stop_PENEL;3
Round_WOVOT;IsExistent_QIPOM;41665
Report_COZOR;IsExistent_QIPOM;1
Reject_FACET;IsExistent_QIPOM;431
Send_LUHOB;IsExistent_QIPOM;103597
Renew_MAKAG;IsExistent_QIPOM;2
Delete_NELEK;IsExistent_QIPOM;4802
Receive_QONAM;IsExistent_QIPOM;623
Trigger_RUPEN;IsExistent_QIPOM;9
Convert_VITES;IsExistent_QIPOM;42
IsExistent_TOMES;IsExistent_QIPOM;1
Assign_BIXEQ;IsExistent_QIPOM;25298
Touch_SAROQ;IsExistent_QIPOM;3
Round_RAMAZ;IsExistent_QIPOM;17895
Convert_QULOX;IsExistent_QIPOM;112500
Trigger_MEGOS;IsExistent_QIPOM;60
Receive_LAFER;IsExistent_QIPOM;4
Collect_KUDAQ;IsExistent_QIPOM;71
Delete_HOCON;IsExistent_QIPOM;33
SetStatus_BOTAB;IsExistent_QIPOM;184
Round_MIDEK;IsExistent_QIPOM;270
Report_WAPAV;IsExistent_QIPOM;9912
Select_XEREX;IsExistent_QIPOM;9792
Initialize_WUSEL;IsExistent_QIPOM;23
SetStatus_CUDAS;Assign_RORAN;1521
Delete_BAZOV;Report_SUSEQ;9296
Delete_BAZOV;Select_TATOR;1
Delete_BAZOV;Reject_VEVAS;15926
Delete_KULOB;SetStatus_WIXET;1
Renew_KINAB;Transform_ZUBAX;110225
Send_TAGOT;Send_BACEZ;27
Report_KUKAR;Renew_CEDOB;4
Reject_MEMOT;Renew_CEDOB;7370
Send_FEZAL;Delete_DIFAG;3
Collect_TAVEB;Delete_DIFAG;104
Start_BEBOZ;Delete_DIFAG;52272
Round_WOVOT;Delete_DIFAG;137641
Generate_TESAR;Delete_DIFAG;7619
SetStatus_GEDOV;Delete_DIFAG;50
Receive_QONAM;Delete_DIFAG;3263
Receive_VEXOG;Delete_DIFAG;57140
Complete_HIFAX;Delete_DIFAG;2829
Freeze_TIPOG;Delete_DIFAG;7629
Renew_GIBEM;Delete_DIFAG;265
Transform_DAXOK;Delete_DIFAG;621
Complete_CUVEG;Delete_DIFAG;16827
Migrate_NOFOL;Delete_DIFAG;8830
Convert_LECAG;Delete_DIFAG;16011
Touch_NIHAT;Delete_DIFAG;481
Stop_XATOM;Delete_DIFAG;33
Stop_XATOM;Collect_FOGEK;3
Receive_VEXOG;Collect_FOGEK;21
Collect_TAVEB;Collect_FOGEK;18
Start_BEBOZ;Collect_FOGEK;1121
Generate_TESAR;Collect_FOGEK;364
SetStatus_GEDOV;Collect_FOGEK;27
Freeze_TIPOG;Collect_FOGEK;2
Complete_HIFAX;Collect_FOGEK;59259
Renew_GIBEM;Collect_FOGEK;55
Send_FEZAL;Collect_FOGEK;2472
Transform_DAXOK;Collect_FOGEK;6
Complete_CUVEG;Collect_FOGEK;23148
Migrate_NOFOL;Collect_FOGEK;48188
Convert_LECAG;Collect_FOGEK;24419
Touch_NIHAT;Collect_FOGEK;3089
Trigger_KUBEM;IsExistent_BOHAX;1029
Renew_BUDEQ;IsExistent_BOHAX;2
Collect_QOVOX;Assign_CUKEZ;52550
Trigger_SAZEB;Freeze_GATAG;56
IsExistent_VUVEL;Freeze_GATAG;79281
Delete_KULOB;Freeze_GATAG;1
Collect_QOVOX;Start_HEVEK;10
Initialize_REKOQ;Start_HEVEK;5
Stop_SILAR;Start_HEVEK;6293
Receive_BINOL;Touch_FOVAQ;2030
Send_RASAB;Start_DOGAL;32298
Initialize_REKOQ;Initialize_FUHEM;90
Stop_SILAR;Initialize_FUHEM;5542
Initialize_REKOQ;Stop_GAKON;8
Stop_SILAR;Stop_GAKON;318
Initialize_REKOQ;IsExistent_HELAQ;13897
Stop_SILAR;IsExistent_HELAQ;6
Initialize_REKOQ;SetStatus_PESOX;157
Stop_SILAR;SetStatus_PESOX;6
Renew_HOKEZ;Renew_TAZAK;20
Migrate_WUDOZ;Collect_WICOM;49914
Delete_PITEV;Touch_BAGOR;101
Trigger_SAZEB;Migrate_GUMAX;556
IsExistent_VUVEL;Complete_VADOT;11308
Delete_PITEV;Complete_VADOT;154443
Collect_QOVOX;Complete_VADOT;88
Trigger_SAZEB;Complete_VADOT;5
Stop_FUMET;Complete_VADOT;9410
IsExistent_GANOV;Complete_VADOT;233
IsExistent_GANOV;Transform_WEFAV;12979
Stop_FUMET;Transform_WEFAV;2
Freeze_GURAL;Send_XIGEX;4
Trigger_SAZEB;Renew_ZOHOZ;13037
IsExistent_GANOV;Delete_BUKAB;126932
IsExistent_VUVEL;Delete_BUKAB;95
Stop_FUMET;Delete_BUKAB;19513
Trigger_SAZEB;Delete_BUKAB;140064
Collect_QOVOX;Delete_BUKAB;2242
Delete_PITEV;Delete_BUKAB;2329
Collect_QOVOX;Collect_CALEG;12201
Trigger_SAZEB;Collect_CALEG;38221
Stop_FUMET;Collect_CALEG;4397
IsExistent_GANOV;Collect_CALEG;2
IsExistent_VUVEL;Collect_CALEG;14401
Delete_PITEV;Collect_CALEG;604
Select_NAZAM;SetStatus_GANAB;904
Migrate_MOLEN;SetStatus_GANAB;42
